tags,text,created_at,from_user,from_user_id,to_user_id,id,to_user
director::associates,"Resident Care #director: Century Park #associates, Omaha, NE. http://t.co/yPcfhnmo","Thu, 31 Jan 2013 08:07:38 +0000",mbajobs_health,443877093,0,296892484607430656,
beautytips,Beauty Tips: How... http://t.co/7GfS2I08 #beautytips,"Thu, 31 Jan 2013 06:24:59 +0000",onlinebeautytip,135781475,0,296866648374251520,
,Goldwater Attorney: ObamaCare-Compliant Exchange Would Violate Idaho's ... http://t.co/ta6Wh2xr,"Thu, 31 Jan 2013 04:57:05 +0000",GoodbyeDiabetes,49632647,0,296844528898428928,
Idaho,#Idaho state rep compares health care exchange to holocaust - http://t.co/FXmxKklM,"Thu, 31 Jan 2013 04:04:41 +0000",_OneThree,189628214,0,296831341402656768,
,Notice Of Exchange Requirement Under Affordable Care Act Delayed http://t.co/6QnnoWSK,"Thu, 31 Jan 2013 03:34:11 +0000",Health_Reforms,89545307,0,296823666291916800,
,"RT @TeaPartyBoise: REP. VITO BARBIERI, R-DALTON GARDENS: ""FED HEALTH CARE LAW CAN'T REQUIRE EXCHANGE IF IT'S NOT THE WILL OF THE STATE."" http://t.co/EwFiAiNd","Thu, 31 Jan 2013 03:19:29 +0000",drewfus1,564465517,0,296819969281363968,
,"REP. VITO BARBIERI, R-DALTON GARDENS: ""FED HEALTH CARE LAW CAN'T REQUIRE EXCHANGE IF IT'S NOT THE WILL OF THE STATE."" http://t.co/EwFiAiNd","Thu, 31 Jan 2013 03:13:40 +0000",TeaPartyBoise,22299010,0,296818502516502528,
,"Nevada health exchange at a glance

How many people are uninsured in Nevada and how many are projected to get... http://t.co/NsoXIzcj","Thu, 31 Jan 2013 03:10:06 +0000",CARE_NEVADA,819938748,0,296817603782004736,
,"RT @AP: Buying your own health insurance? Starting this fall, you'll want to check out the exchange: http://t.co/ObJV7HCn -RD","Thu, 31 Jan 2013 02:31:29 +0000",DLugiman,378337081,0,296807888406593536,
,RT ‏@NoMandate Goldwater Attorney: ObamaCare-Compliant Exchange Would Violate Idaho’s Health Care Freedom Act http://t.co/a8eXkPb5 …,"Thu, 31 Jan 2013 02:12:38 +0000",WorcTeaParty,134418819,0,296803144350965761,
,Goldwater Attorney: ObamaCare-Compliant Exchange Would Violate Idaho’s Health Care Freedom Act http://t.co/a5BrhOH6,"Thu, 31 Jan 2013 02:07:45 +0000",NoMandate,1009026805,0,296801914673303552,
Healthcare::PPACA,ObamaCare-Compliant Exchange Would Violate Idaho #Healthcare Freedom Act | #PPACA http://t.co/4QIYmkPj,"Thu, 31 Jan 2013 01:06:10 +0000",JKatzaman,513780352,0,296786416925569024,
,Some consequences of NC NOT implementing Medicaid Expansion and Health Exchanges per the Affordable Care Act...... http://t.co/rFBOpdGP,"Wed, 30 Jan 2013 22:38:45 +0000",WNCAP,80752406,0,296749317249716224,
,Goldwater Attorney: ObamaCare-Compliant Exchange Would Violate Idaho's ... - Cato Institute (blog): KLEW Goldwat... http://t.co/ollS7smm,"Wed, 30 Jan 2013 22:36:48 +0000",00ASHLEYMARIE00,306550435,0,296748828156125184,
Idaho::OBAMACARE,ObamaCare-Compliant Exchange Would Violate Idaho's Health Care Freedom Act http://t.co/EKst3phs #Idaho #OBAMACARE,"Wed, 30 Jan 2013 22:24:27 +0000",JoyKeller1,555503622,0,296745721464512512,
,Goldwater Attorney: ObamaCare-Compliant Exchange Would Violate Idaho's Health Care Freedom Act http://t.co/llBS7jXH @cato,"Wed, 30 Jan 2013 22:18:34 +0000",NoMandate,1009026805,0,296744240208281600,
cato::2012,RT @ClassicalLiber: Goldwater Attorney: ObamaCare-Compliant Exchange Would Violate Idaho's Health Care Freedom Act http://t.co/qYJuRlBj #cato #2012,"Wed, 30 Jan 2013 22:12:38 +0000",christoferguson,91622378,0,296742745601634304,
cato::2012,Goldwater Attorney: ObamaCare-Compliant Exchange Would Violate Idaho's Health Care Freedom Act http://t.co/qYJuRlBj #cato #2012,"Wed, 30 Jan 2013 21:51:02 +0000",ClassicalLiber,29906598,0,296737310375022592,
,Goldwater Attorney: ObamaCare-Compliant Exchange Would Violate Idaho's Health Care Freedom Act http://t.co/h9tTEuHh,"Wed, 30 Jan 2013 21:51:02 +0000",anapantar,198493441,0,296737308349194240,
,Goldwater Attorney: ObamaCare-Compliant Exchange Would Violate Idaho's Health Care Freedom Act: Michael F. Canno... http://t.co/yMLxV5Ox,"Wed, 30 Jan 2013 21:51:01 +0000",Lib3rtarian,176414861,0,296737306440765440,
,Goldwater Attorney: ObamaCare-Compliant Exchange Would Violate Idaho's Health Care Freedom Act http://t.co/gIBgjU4k :: CatoBlog,"Wed, 30 Jan 2013 21:50:50 +0000",DONTreelectNE1,105211113,0,296737259233886209,
tlot::tcot::RonPaul,http://t.co/JMKQo5RS - Goldwater Attorney: ObamaCare-Compliant Exchange Would Violate Idaho'... http://t.co/2wfxys26 #tlot #tcot #RonPaul,"Wed, 30 Jan 2013 21:50:35 +0000",KathleenHanover,15752228,0,296737195312693248,
,Goldwater Attorney: ObamaCare-Compliant Exchange Would Violate Idaho's Health Care Freedom Act: Michael F. Canno... http://t.co/aS5opiSu,"Wed, 30 Jan 2013 21:50:32 +0000",jdhcowen,330573501,0,296737182738173952,
hcr::tlot,Goldwater Attorney: ObamaCare-Compliant Exchange Would Violate Idaho's Health Care Freedom Act http://t.co/4Xg03eEh #hcr #tlot,"Wed, 30 Jan 2013 21:18:05 +0000",mfcannon,88246253,0,296729018131169280,
,ore background on where health care reform stands in the Virginia General Assembly... http://t.co/zyuLwvUC,"Wed, 30 Jan 2013 20:35:04 +0000",VAMainstreet,90642632,0,296718192821284864,
,"Senate Republicans Reject Obamacare Expansions.Decline to pursue state-based health exchange, Medicaid expansion http://t.co/v2lAQ8vf","Wed, 30 Jan 2013 19:51:52 +0000",NCSAPaction,257633508,0,296707322347139073,
,Great new resource for information on the Minnesota Health Care Exchange. http://t.co/ltKqlVKb,"Wed, 30 Jan 2013 19:13:47 +0000",aarpmn,21893564,0,296697737221644288,
,"NC is a leader in providing low cost health care, yet some members of the GA don't think we should make it better http://t.co/280dKjcT","Wed, 30 Jan 2013 18:57:15 +0000",SamuelDail,100112433,0,296693574563667968,
ncga::ncpol,"RT @NCCapTonight: Senate Republicans introduce bill to opt out of health exchange, Medicaid expansion #ncga #ncpol: http://t.co/C7M3630S","Wed, 30 Jan 2013 18:45:15 +0000",BTpolitics,107198673,0,296690557835702272,
ncga::ncpol,"Senate Republicans introduce bill to opt out of health exchange, Medicaid expansion #ncga #ncpol: http://t.co/C7M3630S","Wed, 30 Jan 2013 18:43:44 +0000",NCCapTonight,518841067,0,296690172534345729,
,RT @CADMHC: RT @CalHealthline: Calif. health care exchange at a glance (via @ajc) http://t.co/zTfHweQP,"Wed, 30 Jan 2013 18:33:10 +0000",CHHSAgency,36807767,0,296687514406756352,
,Q&amp;A on Oregon Insurance Exchange While some states have fought President Barack Obama’s federal health care overhaul... http://t.co/A6yOxnpF,"Wed, 30 Jan 2013 18:26:04 +0000",INSURANCE_NY,635154177,0,296685726639210496,
healthcarereform::WA::HCR::seattle,[blog] Get ready for more #healthcarereform - the #WA health care exchange rolls out in October. http://t.co/8FIjIK9e #HCR #seattle,"Wed, 30 Jan 2013 18:21:59 +0000",katieywca,158894621,0,296684702230773760,
,Senate session has adjourned. Lot of talk about senate bill 4 which calls for health care exchange program to be run by state,"Wed, 30 Jan 2013 17:38:12 +0000",AndynewsAndy,788106434,0,296673680547799040,
,"RT @JeffreyYoung_HC: The @AP made nifty ""at a glance"" guides to health insurance exchanges customized for every state. Here's California's: http://t.co/eDqA89HH","Wed, 30 Jan 2013 17:25:19 +0000",PDColford_AP,17631532,0,296670438925414401,
,Fl is More Medicaid Clientshttp://theteapartynetwork.org/2013/01/and-florida-iSCOTT WASN'T HAVING ANYTHING TO DO WITH HEALTH CARE EXCHANGE?,"Wed, 30 Jan 2013 17:12:06 +0000",jake9860,405504945,0,296667112821370881,
,Fast facts on Illinois health insurance exchange plans - Health Care ...: More Health Care News. (AP) — Here are... http://t.co/iwOULVds,"Wed, 30 Jan 2013 16:54:04 +0000",Karinadaily,245907264,0,296662574618009602,
ACA,Health Reform Bulletin: FAQs About Affordable Care Act Implementation http://t.co/rsywm3l7 #ACA,"Wed, 30 Jan 2013 16:41:11 +0000",CBIZMemphis,946306135,0,296659334434263040,
NCPOL::NCGA,RT @jimmorrill: GOP Senate leaders introduce bill to opt out of federal health care exchange. #NCPOL #NCGA,"Wed, 30 Jan 2013 16:32:19 +0000",Dennis_Peterson,16934157,0,296657102439604225,
NCPOL::NCGA,RT @jimmorrill: GOP Senate leaders introduce bill to opt out of federal health care exchange. #NCPOL #NCGA,"Wed, 30 Jan 2013 16:27:17 +0000",FordPorter1,299727089,0,296655834342117376,
NCPOL::NCGA,GOP Senate leaders introduce bill to opt out of federal health care exchange. #NCPOL #NCGA,"Wed, 30 Jan 2013 16:26:00 +0000",jimmorrill,23492011,0,296655513846960128,
copolitics::teaparty::tlot::gop,"RT @AFPColorado: What if you create an O-Care ""health exchange"" and no one participates? http://t.co/mdEyNT89 #copolitics #teaparty #tlot #gop","Wed, 30 Jan 2013 15:58:26 +0000",fadboo,28802658,0,296648577172791297,
copolitics::teaparty::tlot::gop,"What if you create an O-Care ""health exchange"" and no one participates? http://t.co/mdEyNT89 #copolitics #teaparty #tlot #gop","Wed, 30 Jan 2013 15:43:47 +0000",AFPColorado,15455893,0,296644887183491072,
,"Sen. Chris Smith, Democratic leader in Senate, Legislature must now accept federal insurance exchange on Affordable Health Care Act.","Wed, 30 Jan 2013 14:44:06 +0000",LedgerBill,126735130,0,296629868408487936,
mnleg,"@SteveRapatzHarr 1) Health ins. exchange (HIX) 2) MA expansion to 138% 3) Basic health plan req. &amp; future of MN Care, links to follow #mnleg","Wed, 30 Jan 2013 14:43:32 +0000",ljhosch,28615829,1075456111,296629727584718850,SteveRapatzHarr
,"Medicaid expansion introduced...: On Monday, the start of a special session to implement the Affordable Care Act... http://t.co/YFKpOLaX","Wed, 30 Jan 2013 14:17:28 +0000",Exchange_News,396199824,0,296623166309150721,
Iowa,The “state exchange” penalizes citizens for declining government-imposed health-care mandates http://t.co/XcrL8Adw #Iowa,"Wed, 30 Jan 2013 13:57:37 +0000",PrayforMedicine,874219730,0,296618171396415488,
manageR::philips,"CUSTOMER CARE OPERATIONS #manageR 034082: #philips, Turkey. http://t.co/3qO4JKPj","Wed, 30 Jan 2013 10:32:08 +0000",mbajobs_health,443877093,0,296566460233437184,
manager::philips,"Customer Care Operations &amp; Vendor #manager 033744: #philips, Poland. http://t.co/4FQi2z1f","Wed, 30 Jan 2013 10:00:50 +0000",mbajobs_health,443877093,0,296558580453240833,
,"Top story: Health care law: questions and answers about Oregon's insurance exchange… http://t.co/4DKcMoKS, see more http://t.co/OcxacTyT","Wed, 30 Jan 2013 08:47:54 +0000",HealthPDX,92695367,0,296540229383360512,
HIX::HIM,RT @ElinSilveous: Health care law: questions and answers about Oregon's insurance exchange via Oregonian #HIX #HIM http://t.co/U9QwFNXN,"Wed, 30 Jan 2013 06:45:32 +0000",davidwchao,18926889,0,296509433268285440,
,Idaho one step closer to health care exchange http://t.co/nuZmbB2o,"Wed, 30 Jan 2013 04:32:53 +0000",rohini123c,206342829,0,296476050538524673,
,RT @AwesomeCapital: What if they threw a health care exchange and nobody came? http://t.co/hEpcP6pX,"Wed, 30 Jan 2013 04:15:17 +0000",cmencke,25406480,0,296471620216815617,
,What if they threw a health care exchange and nobody came? http://t.co/hEpcP6pX,"Wed, 30 Jan 2013 03:28:47 +0000",AwesomeCapital,78156215,0,296459919320838144,
,New health care law creates an Insurance exchange being created right now. I wonder if it will trade like the New York Stock Exchange(NYSE),"Wed, 30 Jan 2013 02:20:15 +0000",itsmental,173588663,0,296442673601077248,
,RT @CADMHC: RT @CalHealthline: Calif. health care exchange at a glance (via @ajc) http://t.co/zTfHweQP,"Wed, 30 Jan 2013 01:23:48 +0000",HarvinderSareen,849580092,0,296428466268688385,
,RT @CalHealthline: Calif. health care exchange at a glance (via @ajc) http://t.co/zTfHweQP,"Wed, 30 Jan 2013 01:19:32 +0000",CADMHC,44735468,0,296427394124881921,
,HHS Website Contains Information About the Health Exchange Marketplace: Section 103(a) of the Affordable Care Ac... http://t.co/mmt2Aqoj,"Wed, 30 Jan 2013 01:06:37 +0000",infotechmike,136107694,0,296424142419419136,
healthcare,RT @RasmussenPoll: Only 32% Are Aware If Their State Is Establishing A Health Care Exchange... http://t.co/oJpth05d #healthcare,"Wed, 30 Jan 2013 00:07:01 +0000",CluelessInDC,94287415,0,296409143491833856,
,Gun Bills Pass Out of House Committee [AUDIO]: A bill that calls for studying how the federal Health Care Exchange... http://t.co/dorKNynf,"Tue, 29 Jan 2013 23:54:01 +0000",cheyennejournal,612303844,0,296405871028756480,
ACA,RT @UMBnews: Plan to finance the health care exchange after #ACA in effect a part of @governorOMalley 's proposal says Quattrocki.,"Tue, 29 Jan 2013 23:09:08 +0000",UMBpatricia,91160433,0,296394578465001472,
ACA,Plan to finance the health care exchange after #ACA in effect a part of @governorOMalley 's proposal says Quattrocki.,"Tue, 29 Jan 2013 23:08:15 +0000",UMBnews,23633216,0,296394354770206722,
,RT @ADP: [UPDATE] Affordable Care Act (ACA) Exchange Notice Requirements Delayed - learn more here: http://t.co/cpu5Ie56,"Tue, 29 Jan 2013 23:00:06 +0000",KDA101,888017102,0,296392304325980161,
,Learn a little about Michigan's upcoming Healthcare Insurance Exchange with this quick Q&amp;A from beautiful Traverse City http://t.co/SX4m3TyA,"Tue, 29 Jan 2013 22:54:48 +0000",RyanSullivanMCH,430970790,0,296390968360452097,
,"Governor Otter's Health Care Exchange bill is going to print, no testimony today, just a hearing to print the bill.","Tue, 29 Jan 2013 21:15:40 +0000",ACARtweets,19683282,0,296366023463018496,
,"RT @CalHealthline: Calif. health care exchange at a glance (via @ajc)
http://t.co/c7cCxj6I","Tue, 29 Jan 2013 20:57:29 +0000",SynerMedPR,1033139821,0,296361445749313537,
,"Via @JeffreyYoung_HC, a @JudyLinAP overview of California's health insurance exchange/marketplace http://t.co/0jrssNZJ","Tue, 29 Jan 2013 20:42:18 +0000",GroupBenefitsMG,275537170,0,296357625250054145,
,"The @AP made nifty ""at a glance"" guides to health insurance exchanges customized for every state. Here's California's: http://t.co/eDqA89HH","Tue, 29 Jan 2013 20:35:42 +0000",JeffreyYoung_HC,80111587,0,296355963089330177,
,[UPDATE] Affordable Care Act (ACA) Exchange Notice Requirements Delayed - learn more here: http://t.co/CvYSAur3,"Tue, 29 Jan 2013 20:14:49 +0000",ShalohaHawaii,836295217,0,296350709127974912,
,RT @ADP: [UPDATE] Affordable Care Act (ACA) Exchange Notice Requirements Delayed - learn more here: http://t.co/cpu5Ie56,"Tue, 29 Jan 2013 20:07:45 +0000",stbarajas,168923956,0,296348931309322240,
,"RT @CalHealthline: Calif. health care exchange at a glance (via @ajc)
http://t.co/c7cCxj6I","Tue, 29 Jan 2013 19:59:57 +0000",CHCFNews,37008978,0,296346965933977600,
,"Calif. health care exchange at a glance (via @ajc)
http://t.co/c7cCxj6I","Tue, 29 Jan 2013 19:45:24 +0000",CalHealthline,41627437,0,296343303895519233,
,"Almost 40% of those surveyed said they WOULD NOT trust a broker for support in the health care Exchange. 
http://t.co/m7kPZU7k","Tue, 29 Jan 2013 18:58:17 +0000",RobNYC_CT,993069404,0,296331447579574273,
changesahead,"Take a closer look into California's healthcare #changesahead 

http://t.co/WdehYKol","Tue, 29 Jan 2013 18:56:29 +0000",ANMMgmt,259386658,0,296330995324571648,
,Look for new Exchange markets to open in each state this fall. Learn more. http://t.co/fg3ecv3W,"Tue, 29 Jan 2013 18:50:39 +0000",LeavittSoCal,534396365,0,296329527209111552,
,RT @ADP: [UPDATE] Affordable Care Act (ACA) Exchange Notice Requirements Delayed - learn more here: http://t.co/cpu5Ie56,"Tue, 29 Jan 2013 18:24:21 +0000",EmilyHackett,22557130,0,296322908882599936,
,RT @ADP: [UPDATE] Affordable Care Act (ACA) Exchange Notice Requirements Delayed - learn more here: http://t.co/cpu5Ie56,"Tue, 29 Jan 2013 18:21:52 +0000",shawnkennedy,18055300,0,296322284719833088,
,RT @ADP: [UPDATE] Affordable Care Act (ACA) Exchange Notice Requirements Delayed - learn more here: http://t.co/cpu5Ie56,"Tue, 29 Jan 2013 17:51:22 +0000",stevensonjef,106225724,0,296314609932046336,
,RT @ADP: [UPDATE] Affordable Care Act (ACA) Exchange Notice Requirements Delayed - learn more here: http://t.co/cpu5Ie56,"Tue, 29 Jan 2013 17:40:30 +0000",Paula4Harvey,206391730,0,296311871504515072,
,[UPDATE] Affordable Care Act (ACA) Exchange Notice Requirements Delayed - learn more here: http://t.co/cpu5Ie56,"Tue, 29 Jan 2013 17:30:06 +0000",ADP,19992977,0,296309254296596481,
mDayton,"RT @MattSwenson: Farmers ask #mDayton about how state's health insurance exchange will impact them. Tax credits, more choices, access to affordable care.","Tue, 29 Jan 2013 17:29:40 +0000",kcmpls,9126922,0,296309148021297152,
mDayton,"RT @MattSwenson: Farmers ask #mDayton about how state's health insurance exchange will impact them. Tax credits, more choices, access to affordable care.","Tue, 29 Jan 2013 17:24:39 +0000",elynic63,414440119,0,296307882939535361,
mDayton,"RT @MattSwenson: Farmers ask #mDayton about how state's health insurance exchange will impact them. Tax credits, more choices, access to affordable care.","Tue, 29 Jan 2013 17:23:38 +0000",MnFarmersUnion,40024095,0,296307629372891136,
mDayton,"RT @MattSwenson: Farmers ask #mDayton about how state's health insurance exchange will impact them. Tax credits, more choices, access to affordable care.","Tue, 29 Jan 2013 17:22:55 +0000",Fivehrenergy,152450064,0,296307450431283200,
mDayton,"RT @MattSwenson: Farmers ask #mDayton about how state's health insurance exchange will impact them. Tax credits, more choices, access to affordable care.","Tue, 29 Jan 2013 17:20:31 +0000",mannymr,16482009,0,296306846325669888,
mDayton,"Farmers ask #mDayton about how state's health insurance exchange will impact them. Tax credits, more choices, access to affordable care.","Tue, 29 Jan 2013 17:20:07 +0000",MattSwenson,36169202,0,296306745708531712,
,Wondering how health insurance will change as the Affordable Care Act takes effect? We've got a quick primer here: http://t.co/76sPpzrm,"Tue, 29 Jan 2013 17:13:12 +0000",onwnews,15385717,0,296305001914052609,
marketing::manager::philips,"Field #marketing #manager, Point of Care, Ultrasound - Andover, MA 031789: #philips, USA. http://t.co/9yeVItGZ","Tue, 29 Jan 2013 17:08:18 +0000",mbajobs_health,443877093,0,296303770206355456,
HIX::HIM,RT @ElinSilveous: Health care law: questions and answers about Oregon's insurance exchange via Oregonian #HIX #HIM http://t.co/U9QwFNXN,"Tue, 29 Jan 2013 16:11:43 +0000",OregonHealthNet,544550972,0,296289529508282368,
HIX::HIM,Health care law: questions and answers about Oregon's insurance exchange via Oregonian #HIX #HIM http://t.co/U9QwFNXN,"Tue, 29 Jan 2013 16:06:48 +0000",ElinSilveous,87779569,0,296288294176694273,
,"RT @AP_Politics: Buying your own health insurance? Starting this fall, you'll want to check out the exchange: http://t.co/rGapYSMB","Tue, 29 Jan 2013 15:53:59 +0000",TEEzyThaKidd,15760991,0,296285068572372992,
insurance::exchange::ACA::health,IL's #insurance #exchange explained --&gt; Consumer alert: new health care markets on the way http://t.co/5kKgJeSK via @nwherald #ACA #health,"Tue, 29 Jan 2013 15:37:16 +0000",MarksBigMouth,370771310,0,296280859982585856,
,Talking health care at the Covering CT's Kids &amp; Families. The ACA and Exchange will mean big changes for families.,"Tue, 29 Jan 2013 15:25:04 +0000",Rsparksbcacct,872477617,0,296277789139681280,
,"Health Care Reform FAQs Address Exchange Notices, HRAs, &amp; Indemnity Plans http://t.co/bwXX6uLY  From Spencer Fane's Employee Benefits Group","Tue, 29 Jan 2013 15:02:44 +0000",DaveKight,16910300,0,296272169271439360,
,"Health Care Reform FAQs Address Exchange Notices, HRAs, &amp; Indemnity Plans http://t.co/H55JvmBV  From Spencer Fane's Employee Benefits Group","Tue, 29 Jan 2013 15:02:44 +0000",SocMediaLawyers,252769050,0,296272168642293760,
,Angrybear - Health Care Thoughts: PPACA Health Exchange Oops http://t.co/hnmtwXIE,"Tue, 29 Jan 2013 14:59:56 +0000",mariogreat,91765879,0,296271464779378688,
,AM Alert: Guns get a hearing: VIDEO: Dan Walters says California's Affordable Care Act-mandated health exchange ... http://t.co/YS2zku10,"Tue, 29 Jan 2013 14:11:37 +0000",CowPolitics,117305567,0,296259307111059457,
,"RT @PDColford_AP: Rollout of ""Obamacare"": RT @AP_Politics: Buying your own health insurance? You'll want to check out the exchange: http://t.co/c11XzoVS","Tue, 29 Jan 2013 12:22:18 +0000",ZERUDAH,58693179,0,296231797136687104,
director::MBA::jobs::Healthcare,"VP, Medical #director Quality &amp;amp; Care System Transformation: Blue Shield of California, S... http://t.co/jrurs6pT #MBA #jobs #Healthcare","Tue, 29 Jan 2013 08:31:54 +0000",mbajobs_health,443877093,0,296173814247727106,
,"RT @theloop21: Health Care Exchange Law Delayed to Give Employers More Time http://t.co/strroQ6v Hmm, what's going on here?","Tue, 29 Jan 2013 07:37:40 +0000",jjingob2535,194177631,0,296160164892008448,
,"Health Care Exchange Law Delayed to Give Employers More Time http://t.co/strroQ6v Hmm, what's going on here?","Tue, 29 Jan 2013 07:03:19 +0000",theloop21,16259172,0,296151520301436928,
,"New York – State Health Exchange Expects To Insure 1.1 Million: New York – President Barack Obama’s federal health care overhaul, kno...","Tue, 29 Jan 2013 04:43:21 +0000",VoslzNeias,64138095,0,296116298738442240,
,Q&amp;A: Calif. health care exchange at a glance http://t.co/A73ZI7NE,"Tue, 29 Jan 2013 04:15:22 +0000",KFWB,20531247,0,296109256049049600,
hcr,"RT @washdems: Health care exchange, Medicaid expansion will open in WA in October. Check out this handy Q&amp;A: http://t.co/gz7NYnqQ #hcr","Tue, 29 Jan 2013 01:35:53 +0000",mduplertch,17345318,0,296069119978119170,
hcr,"Health care exchange, Medicaid expansion will open in WA in October. Check out this handy Q&amp;A: http://t.co/gz7NYnqQ #hcr","Tue, 29 Jan 2013 01:28:22 +0000",washdems,14746298,0,296067227432673280,
,RT @secstatewa: Health care insurance exchange opening in WA in October. http://t.co/6TP7m0vx,"Tue, 29 Jan 2013 00:55:34 +0000",lukobe,16944688,0,296058974669766656,
,RT @secstatewa: Health care insurance exchange opening in WA in October. http://t.co/BK1S69cJ,"Tue, 29 Jan 2013 00:55:09 +0000",PPVotesNW,398896387,0,296058868197376001,
,Health care insurance exchange opening in WA in October. http://t.co/6TP7m0vx,"Tue, 29 Jan 2013 00:43:42 +0000",secstatewa,15534771,0,296055985427075072,
,Health Care Thoughts: PPACA Health Exchange Oops | Angry Bear - Financial and Economic Commentary http://t.co/ghzJyzWd | A big oops.,"Tue, 29 Jan 2013 00:26:17 +0000",rcooley123,172867574,0,296051605164392448,
,Only 18 states and the District of Columbia plan to set up their own health care exchange - http://t.co/MefuJIe7,"Tue, 29 Jan 2013 00:20:21 +0000",CentennialGroup,702501312,0,296050112680038400,
,"""how does your 2012 tax return effect health care exchange?"" http://t.co/xobzRF6t","Mon, 28 Jan 2013 23:36:41 +0000",tukquestions,479390085,0,296039121422536704,
,Only 18 states and the District of Columbia plan to set up their own health care exchange - http://t.co/w4zCUsvR,"Mon, 28 Jan 2013 23:20:12 +0000",vbbenefits,267826741,0,296034973100683264,
,Health care law: questions and answers about Oregon's insurance exchange - http://t.co/jftzMSHK http://t.co/XEN6ScU5,"Mon, 28 Jan 2013 22:28:38 +0000",Oregon_Guide,374844649,0,296021997257891840,
,Have questions about the CA health care exchange? Take a look. http://t.co/cohocDdy,"Mon, 28 Jan 2013 22:08:32 +0000",EISInsurance,486975724,0,296016940466581504,
oregon,Health care law: questions and answers about Oregon's insurance exchange - http://t.co/coNL5Bmi http://t.co/SouFNI0M #oregon,"Mon, 28 Jan 2013 21:49:54 +0000",seoregon,363486777,0,296012249045282816,
,The State of California is seeking benefit exchange workers under the health care reform act. Please apply @  http://t.co/RzR65kXg,"Mon, 28 Jan 2013 21:48:26 +0000",talkpreacha,38504695,0,296011879027986432,
HIE,@ONC_HealthIT is listening about HIE http://t.co/19IAHt64 - And Xerox is talking about HIE http://t.co/FkDBNXZs #HIE,"Mon, 28 Jan 2013 21:46:41 +0000",Ally1055,69587599,108638625,296011439297138688,ONC_HealthIT
Oregon::Oregon,Health care law: questions and answers about #Oregon's insurance exchange - #Oregon officials say the health ins... http://t.co/4SZqk4pA,"Mon, 28 Jan 2013 21:40:51 +0000",OregonNewsToday,846093367,0,296009969617207296,
healthcarereform,RT @OswaldHCR: Health Care Reform ALERT: Exchange Notice to Employees Delayed http://t.co/72mibAGw via @wpbeginner #healthcarereform,"Mon, 28 Jan 2013 21:36:22 +0000",EmilyNEvans,63152890,0,296008842247036928,
Oregon::39,"Health care law: questions and answers about #Oregon&amp;#39;s insurance exchange
http://t.co/dWLTfs3y","Mon, 28 Jan 2013 21:35:05 +0000",DirectPdx,486206094,0,296008521886072832,
,Health care law: questions and answers about Oregon's insurance exchange: Oregon officials say the health insura... http://t.co/QxpOESYs,"Mon, 28 Jan 2013 21:26:53 +0000",OregonServices,266935401,0,296006458426933249,
,Health care law: questions and answers about Oregon's insurance exchange: Oregon officials say the health insura... http://t.co/Y079aeMT,"Mon, 28 Jan 2013 21:26:53 +0000",PortlandORrss,59017656,0,296006456245878784,
,Health care law: questions and answers about Oregon's insurance exchange http://t.co/GjQunXpF,"Mon, 28 Jan 2013 21:24:59 +0000",seoregon,363486777,0,296005978728583168,
,Health care law: questions and answers about Oregon's insurance exchange: Oregon says its health insurance excha... http://t.co/1uRVsTzI,"Mon, 28 Jan 2013 21:24:58 +0000",pdxnewsnow,79209776,0,296005975641563137,
,"Calif. health care exchange at a glance: (AP) — How many people are uninsured in California, and how many of tho... http://t.co/E2K6gMzq","Mon, 28 Jan 2013 21:15:30 +0000",TBJFresno,26304713,0,296003591523688448,
,"Health Care Reform FAQs Address Exchange Notices, HRAs, and Indemnity Plans http://t.co/ibKyLPXr","Mon, 28 Jan 2013 21:08:30 +0000",Cheryl528,15726419,0,296001829416878080,
,Gov. Bryant stated on the GalloShow that both Medicaid Expansion and Health Care Exchange were ideas that just keep getting worse each day.,"Mon, 28 Jan 2013 21:03:48 +0000",paulgalloshow,363893602,0,296000648665776128,
healthcarereform,Health Care Reform ALERT: Exchange Notice to Employees Delayed http://t.co/72mibAGw via @wpbeginner #healthcarereform,"Mon, 28 Jan 2013 20:57:29 +0000",OswaldHCR,838377313,0,295999057472655360,
mnleg::stribpol,Just testified as a small biz owner on Health Care Exchange in MN Senate commerse committee. #mnleg #stribpol,"Mon, 28 Jan 2013 20:46:14 +0000",ToddMikkelson,376268514,0,295996226120327168,
,"How many people are uninsured in California, and how many of those are projected to get insurance under the... http://t.co/KrvpWiM0","Mon, 28 Jan 2013 20:46:08 +0000",TNDemocratsVote,391810083,0,295996201277485057,
,Employers will have more time to comply with a new health care exchange law http://t.co/ItCTMpoo,"Mon, 28 Jan 2013 20:25:32 +0000",HireBranding,163980572,0,295991016958349313,
,Calif. health care exchange at a glance http://t.co/nMyiT0ui,"Mon, 28 Jan 2013 20:23:02 +0000",AZpolitics2012,417391225,0,295990387464601600,
,Calif. health care exchange at a glance http://t.co/6McFYZBK,"Mon, 28 Jan 2013 20:18:06 +0000",DemocraticUnity,419029835,0,295989146802077696,
Local4,A primer on Michigan's plans for the federal health care online exchange: http://t.co/tddwXoZf #Local4,"Mon, 28 Jan 2013 20:07:03 +0000",Local4News,22948692,0,295986367786270720,
,"How many people are uninsured in California, and how many of those are projected to get insurance under the exchange? health care –...","Mon, 28 Jan 2013 19:59:05 +0000",SacTownDemocrat,417371587,0,295984362208493568,
,"How many people are uninsured in California, and how many of those are projected to get insurance under the... http://t.co/4I156QvE","Mon, 28 Jan 2013 19:59:05 +0000",TXPolitics12,390575237,0,295984361143160833,
,Only 18 states and the District of Columbia plan to set up their own health care exchange - http://t.co/YxzcKeRv,"Mon, 28 Jan 2013 19:50:32 +0000",Hierl_Insurance,277660338,0,295982208206897152,
,ICYMI: Head of Minn health care exchange talks about what it means for consumers. My story: http://t.co/XTUAJrTP,"Mon, 28 Jan 2013 19:44:13 +0000",skarnowski,22631028,0,295980619643625472,
,Calif. health care exchange at a glance,"Mon, 28 Jan 2013 19:41:02 +0000",WestCoastGOP,386350188,0,295979819781464065,
,@morgmeneshets Very impt! Women need to make sure their state exchange prohibits discriminatory health care plans from being sold!,"Mon, 28 Jan 2013 19:37:14 +0000",RWV4HealthCare,18906650,21873955,295978862632923136,morgmeneshets
,http://t.co/kVx2oSJ6 Questions and answers on Minnesota health care exchange - Grand Forks… http://t.co/5H29z4XV,"Mon, 28 Jan 2013 19:34:52 +0000",LPierceRealtor,300274669,0,295978268186783744,
health::ACAwomen,"Starting 2014, each state will hv Health Benefit Exchange where individuals+families can buy quality affordable #health care plans #ACAwomen","Mon, 28 Jan 2013 19:28:04 +0000",RWV4HealthCare,18906650,0,295976555035906048,
,Calif. health care exchange at a glance,"Mon, 28 Jan 2013 19:14:02 +0000",VoteLARightWing,385841800,0,295973023327080448,
,RT @SaxonFinancial: Only 18 states and the District of Columbia plan to set up their own health care exchange - http://t.co/19NH5fbK,"Mon, 28 Jan 2013 18:52:22 +0000",BenLHays,69516978,0,295967570920615936,
,Only 18 states and the District of Columbia plan to set up their own health care exchange - http://t.co/19NH5fbK,"Mon, 28 Jan 2013 18:50:26 +0000",SaxonFinancial,518767809,0,295967083034984449,
California,"Calif. health care exchange at a glance: How many people are uninsured in California, and how many o... http://t.co/LsnTGn4t #California","Mon, 28 Jan 2013 18:36:44 +0000",SanDiego,223081894,0,295963637162582017,
,"RT @barbrayoder: RT @AP: Buying your own health insurance? Starting this fall, you'll want to check out the exchange: http://t.co/SmJPv8gn","Mon, 28 Jan 2013 18:31:58 +0000",ZaneBenefits,54688684,0,295962439399399424,
CMS::Health::HCR::healthcare,RT @AmendolaComm: #CMS looks to public for input on #Health Insurance Exchange application forms http://t.co/vEHwhkSO | #HCR #healthcare,"Mon, 28 Jan 2013 18:26:08 +0000",Dave_PR,19538980,0,295960968754786304,
,Calif. health care exchange at a glance - http://t.co/DrF0Uoms,"Mon, 28 Jan 2013 18:25:42 +0000",TheNewsGlobe,624525019,0,295960862299131905,
,"Thanks, Jeffy. RT @jeffkaroub Here's a primer from AP on Michigan's plans for the federal health care online exchange http://t.co/zrPk5QHn","Mon, 28 Jan 2013 18:19:49 +0000",thomaswmucha,14935183,0,295959380174712832,
,RT @jeffkaroub: Here's a primer from AP on Michigan's plans for the federal health care online exchange http://t.co/NjU7B0Ls,"Mon, 28 Jan 2013 18:19:05 +0000",wavingcrosser,254836859,0,295959195306577920,
CMS::Health::HCR::healthcare,#CMS looks to public for input on #Health Insurance Exchange application forms http://t.co/vEHwhkSO | #HCR #healthcare,"Mon, 28 Jan 2013 18:17:43 +0000",AmendolaComm,33634738,0,295958852548055041,
,RT @jeffkaroub: Here's a primer from AP on Michigan's plans for the federal health care online exchange http://t.co/NjU7B0Ls,"Mon, 28 Jan 2013 18:14:43 +0000",NSmithReports,455047965,0,295958097372016641,
,RT @jeffkaroub: Here's a primer from AP on Michigan's plans for the federal health care online exchange http://t.co/NjU7B0Ls,"Mon, 28 Jan 2013 18:13:15 +0000",kristendaum,85975340,0,295957728277450755,
,Here's a primer from AP on Michigan's plans for the federal health care online exchange http://t.co/NjU7B0Ls,"Mon, 28 Jan 2013 18:12:26 +0000",jeffkaroub,302148582,0,295957520751669248,
ACA::Exchange,RT @NickStepanovich: DOL announces that the March 1st Affordable Care Act (#ACA) #Exchange Notice Requirements have been Delayed - http://t.co/EDhdd46h,"Mon, 28 Jan 2013 18:11:45 +0000",maureenreeves,34467870,0,295957350467133440,
Health::News,RT @24hrsHealthNews: #Health #News Employers will have more time to comply with a new health care exchange law http://t.co/wR0XlwYI,"Mon, 28 Jan 2013 18:00:48 +0000",AlbanyBizReview,18817538,0,295954595853766656,
,[NFIB Idaho] Pro &amp; Con: State Health-Care Exchange http://t.co/7kODdF1J,"Mon, 28 Jan 2013 17:43:04 +0000",IDSmallBiz,573930109,0,295950129767272451,
ACA::Exchange,DOL announces that the March 1st Affordable Care Act (#ACA) #Exchange Notice Requirements have been Delayed - http://t.co/EDhdd46h,"Mon, 28 Jan 2013 17:19:14 +0000",NickStepanovich,370301074,0,295944135603523584,
,Only 18 states and the District of Columbia plan to set up their own health care exchange - http://t.co/tjAYWKju,"Mon, 28 Jan 2013 17:10:43 +0000",gandbc,776099641,0,295941991542431744,
,Only 18 states and the District of Columbia plan to set up their own health care exchange - http://t.co/Xek5bLwl,"Mon, 28 Jan 2013 17:10:43 +0000",MegroCorp,370156624,0,295941989881503745,
,RT @OccupyChicago: Needle Exchange Programs save lives and millions of dollars in health care but are obstructed by politicans: http://t.co/OWRDmrf9,"Mon, 28 Jan 2013 16:43:29 +0000",Helixtwice,61577178,0,295935136703340544,
,RT @OccupyChicago: Needle Exchange Programs save lives and millions of dollars in health care but are obstructed by politicans: http://t.co/OWRDmrf9,"Mon, 28 Jan 2013 16:33:19 +0000",BaconTheGod,1124243550,0,295932577976557568,
,RT @OccupyChicago: Needle Exchange Programs save lives and millions of dollars in health care but are obstructed by politicans: http://t.co/OWRDmrf9,"Mon, 28 Jan 2013 16:30:59 +0000",SuppressThis,550112743,0,295931991277318144,
,Needle Exchange Programs save lives and millions of dollars in health care but are obstructed by politicans: http://t.co/OWRDmrf9,"Mon, 28 Jan 2013 16:30:24 +0000",OccupyChicago,377011275,0,295931842450829313,
,Only 18 states and the District of Columbia plan to set up their own health care exchange - http://t.co/aTkjGisW,"Mon, 28 Jan 2013 16:20:49 +0000",RBABenefits,558210971,0,295929432043057152,
VT,"RDavis writes The Vermont Health Care Exchange,  http://t.co/r024ETDI Road to Single Payer And Other Changes #VT","Mon, 28 Jan 2013 15:56:49 +0000",ibrattleboro,41284851,0,295923392740220929,
,"RT @AP: Buying your own health insurance? Starting this fall, you'll want to check out the exchange: http://t.co/ObJV7HCn -RD","Mon, 28 Jan 2013 15:54:02 +0000",FM6301,52293512,0,295922691452588032,
,"RT @AP: Buying your own health insurance? Starting this fall, you'll want to check out the exchange: http://t.co/ObJV7HCn -RD","Mon, 28 Jan 2013 15:47:24 +0000",ChesterHester,278239075,0,295921024573251584,
,"RT @AP: Buying your own health insurance? Starting this fall, you'll want to check out the exchange: http://t.co/ObJV7HCn -RD","Mon, 28 Jan 2013 15:40:17 +0000",onepear,23561165,0,295919231608950784,
,"RT @AP: Buying your own health insurance? Starting this fall, you'll want to check out the exchange: http://t.co/ObJV7HCn -RD","Mon, 28 Jan 2013 15:39:21 +0000",tlilli,15811752,0,295918999194198016,
,Health Care Exchange Law Delayed to Give Employers More Time http://t.co/qGCJgBAV,"Mon, 28 Jan 2013 15:34:52 +0000",chaz1944,163813257,0,295917868711821312,
HealthCare::vt::exchange,"#HealthCare Webinar 7 pm, Feb 12 to outline changes #vt #exchange will bring, transition to universal coverage http://t.co/qVLmeMKc @vpirg","Mon, 28 Jan 2013 15:23:15 +0000",sandra_gluck,36593894,0,295914944988315649,
,"Health insurance @AP: Buying your own health insurance? Starting this fall, you'll want to check out the exchange: http://t.co/bPS6ntE1 -RD","Mon, 28 Jan 2013 15:10:15 +0000",patriciasunnyva,63493935,0,295911672718172163,
,"RT @AP: Buying your own health insurance? Starting this fall, you'll want to check out the exchange: http://t.co/ObJV7HCn -RD","Mon, 28 Jan 2013 14:19:40 +0000",bubu1854,732043855,0,295898945194975232,
,Health Care Exchange Law Delayed to Give Employers More Time http://t.co/FVtzTu8b,"Mon, 28 Jan 2013 14:06:07 +0000",theloop21,16259172,0,295895535645241346,
,"RT @AP: Buying your own health insurance? Starting this fall, you'll want to check out the exchange: http://t.co/OQARQdAh -RD","Mon, 28 Jan 2013 14:05:39 +0000",estellerivers,93083788,0,295895414765395968,
,Health Care Exchange Notice Requirements Delayed http://t.co/dnkO3vHg,"Mon, 28 Jan 2013 13:58:30 +0000",PBSBenefits,429474731,0,295893618768633856,
,"RT @AP: Buying your own health insurance? Starting this fall, you'll want to check out the exchange: http://t.co/VyJAJUtV -RD","Mon, 28 Jan 2013 13:54:25 +0000",tonyjalicea,26316306,0,295892589012459520,
,"RT @AP: Buying your own health insurance? Starting this fall, you'll want to check out the exchange: http://t.co/ObJV7HCn -RD","Mon, 28 Jan 2013 13:40:29 +0000",Homostasis,16578496,0,295889085111877632,
director::healthcare,"Medical #director - Primary Care: Scottsdale #healthcare, Scottsdale, AZ. http://t.co/EStr2cQG","Mon, 28 Jan 2013 13:38:53 +0000",mbajobs_health,443877093,0,295888679468138496,
,"RT @AP: Buying your own health insurance? Starting this fall, you'll want to check out the exchange: http://t.co/ObJV7HCn -RD","Mon, 28 Jan 2013 13:04:16 +0000",c0ns0le,18381773,0,295879970167873536,
,"Must read...“@AP: Buying your own health insurance? Starting this fall, you'll want to check out the exchange: http://t.co/AUvRo7pi -RD”","Mon, 28 Jan 2013 13:00:41 +0000",NatashaLebowitz,562023080,0,295879067260047361,
,Employers will have more time to comply with a new health care exchange law - The Business… http://t.co/SR4HvU8d,"Mon, 28 Jan 2013 12:48:45 +0000",pharma_global,1062716244,0,295876062741680128,
InstantFollowBack,Employers will have more time to comply with a new health care exchange law - The Business Re... http://t.co/uzXE8q0Q #InstantFollowBack,"Mon, 28 Jan 2013 12:47:55 +0000",GrapeBusiness,490884178,0,295875855530479616,
,Employers will have more time to comply with a new health care exchange law: The federal government will give... http://t.co/dqu3bM1F,"Mon, 28 Jan 2013 12:47:05 +0000",AlbanyNYBuzz,306390966,0,295875645102256128,
,"RT @AP: Buying your own health insurance? Starting this fall, you'll want to check out the exchange: http://t.co/6l28H546 -RD","Mon, 28 Jan 2013 12:44:08 +0000",HeyImMarkus,43387270,0,295874904228782080,
,Employers will have more time to comply with a new health care exchange law http://t.co/X1DlOoSZ,"Mon, 28 Jan 2013 12:40:30 +0000",ACBJHealthCare,605569668,0,295873986481512448,
Health::News,#Health #News Employers will have more time to comply with a new health care exchange law - The Business Review ... http://t.co/woj2SloS,"Mon, 28 Jan 2013 12:38:37 +0000",24hrsHealthNews,326316406,0,295873512084750336,
,"@Guyn8durzo3n Thanks for you message for tips to help reduce health care cost and exchange more ideas, Like us on FB at http://t.co/bOaxHrKZ","Mon, 28 Jan 2013 12:37:19 +0000",Fitnesspursuits,25380653,1127488224,295873186074079232,Guyn8durzo3n
,Employers will have more time to comply with a new health care exchange law - The Business Review (Albany): Live... http://t.co/RbSlEBF2,"Mon, 28 Jan 2013 12:30:44 +0000",22FOURCOM,462420179,0,295871529290432513,
,Employers will have more time to comply with a new health care exchange law - The Business Review (Albany): Live... http://t.co/DwJqIQ7H,"Mon, 28 Jan 2013 12:30:42 +0000",kamaluf,49172648,0,295871523779137537,
,Employers will have more time to comply with a new health care exchange law - The Business Review (Albany): Live... http://t.co/Sy4WzHfq,"Mon, 28 Jan 2013 12:30:41 +0000",KamalFaridi,107838793,0,295871517479280640,
,"Buying your own health insurance? Starting this fall, you'll want to check out the exchange: http://t.co/nUGHArME -RD","Mon, 28 Jan 2013 12:29:33 +0000",AJCatJC,194173879,0,295871232245645312,
,Employers will have more time to comply with a new health care exchange law - The Business Review (Albany) http://t.co/uu9Seje3,"Mon, 28 Jan 2013 12:27:24 +0000",akira_mahawira,56600360,0,295870690236698624,
,Employers will have more time to comply with a new health care exchange law - The Business Review (Albany): Live... http://t.co/wYBYKKXL,"Mon, 28 Jan 2013 12:27:21 +0000",health_issues,37532870,0,295870679650287617,
,Employers will have more time to comply with a new health care exchange law - The Business Review (Albany): Live... http://t.co/ZL70szTO,"Mon, 28 Jan 2013 12:27:20 +0000",RT4Rahul,37694912,0,295870673694388225,
,Employers will have more time to comply with a new health care exchange law - The Business Review (Albany) http://t.co/pVO0VAvz,"Mon, 28 Jan 2013 12:23:31 +0000",2Eat4Health,887688205,0,295869713005813760,
,Health care Q&amp;A: How health insurance exchanges will transform the market: Each state will have its own exchange... http://t.co/T0bKgKjQ,"Mon, 28 Jan 2013 12:23:01 +0000",svetik18us,28424558,0,295869590284685312,
Health::News,#Health Employers will have more time to comply with a new health care exchange law - The Business Review ... http://t.co/VVmXHKop #News,"Mon, 28 Jan 2013 12:21:45 +0000",365HealthBeauty,574154627,0,295869268556394496,
health,Employers will have more time to comply with a new #health care exchange law - The Business… http://t.co/89DeqgTt,"Mon, 28 Jan 2013 12:21:33 +0000",coreburnflat,524606927,0,295869218270879746,
,Employers will have more time to comply with a new health care exchange law - The Business Review (Albany): Live... http://t.co/IAbp5sXy,"Mon, 28 Jan 2013 12:21:31 +0000",1sthealthnews,18955587,0,295869212461768706,
,Employers will have more time to comply with a new health care exchange law - The Business Review (Albany) http://t.co/6aI5uuRm,"Mon, 28 Jan 2013 12:21:28 +0000",Gloriadfqkv,228663322,0,295869197655891968,
,Employers will have more time to comply with a new health care exchange law - The Business Review (Albany): Live... http://t.co/dQR2GBfo,"Mon, 28 Jan 2013 12:18:34 +0000",vishalvishu88,330319732,0,295868470212571136,
,Employers will have more time to comply with a new health care exchange law - The Business… http://t.co/9uop4eN7,"Mon, 28 Jan 2013 12:17:57 +0000",biotechstock,179790372,0,295868313165258752,
,Employers will have more time to comply with a new health care exchange law - The Business… http://t.co/oj6Prh5v,"Mon, 28 Jan 2013 12:17:45 +0000",biscoitimm,336623173,0,295868263227871232,
health,Employers will have more time to comply with a new health care exchange law - The Business Review (Albany) http://t.co/t8LnkAYQ #health,"Mon, 28 Jan 2013 12:12:26 +0000",007_Debby,568348062,0,295866923575541761,
,Live Insurance NewsEmployers will have more time to comply with a new health care exchange lawThe Business Review (Albany)The federal...,"Mon, 28 Jan 2013 12:12:26 +0000",JayKeynes,395299381,0,295866923030302721,
,Employers will have more time to comply with a new health care exchange law - The Business Review (Albany): Live... http://t.co/CoA7AKQb,"Mon, 28 Jan 2013 12:12:25 +0000",ilposturane,298221391,0,295866921117691904,
health,#health Employers will have more time to comply with a new health care exchange law - The Business Review (Albany) http://t.co/QiYFFYQf,"Mon, 28 Jan 2013 12:12:22 +0000",gogado,351057439,0,295866906446024704,
,[Vemma:http://t.co/jnFCYora] Employers will have more time to comply with a new health care exchange law - The Bu... http://t.co/mprtjV6P,"Mon, 28 Jan 2013 12:11:20 +0000",VemmaDoc,891025968,0,295866649410695168,
,Employers will have more time to comply with a new health care exchange law - The Business Review (Albany): Live Insurance NewsEmploy...,"Mon, 28 Jan 2013 12:11:20 +0000",kiwgsto,828779125,0,295866649238728706,
,"RT @AP: Buying your own health insurance? Starting this fall, you'll want to check out the exchange: http://t.co/ObJV7HCn -RD","Mon, 28 Jan 2013 12:07:51 +0000",2ndhandroses66,117143397,0,295865771580608513,
,Employers will have more time to comply with a new health care exchange law: The federal government will give em... http://t.co/Hb2vQ641,"Mon, 28 Jan 2013 12:01:39 +0000",HakimHammach,102574283,0,295864209944739841,
Albany::NY::News,Employers will have more time to comply with a new health care exchange law: The federal... http://t.co/MWwBLLOa #Albany #NY #News,"Mon, 28 Jan 2013 12:00:12 +0000",Albany_NY_News,316404414,0,295863845476519937,
,"RT @AP: Buying your own health insurance? Starting this fall, you'll want to check out the exchange: http://t.co/ObJV7HCn -RD","Mon, 28 Jan 2013 11:57:24 +0000",jtyler33,29314868,0,295863139650637826,
,Spread the word from @AP: Buying your own health insurance? On Oct 1 you'll want to check out the exchange: http://t.co/xTLLDpSk -RD,"Mon, 28 Jan 2013 11:56:57 +0000",strongdiva,33342208,0,295863028409307137,
,"RT @AP: Buying your own health insurance? Starting this fall, you'll want to check out the exchange: http://t.co/ObJV7HCn -RD","Mon, 28 Jan 2013 11:53:02 +0000",susanbolling,232273704,0,295862044295585792,
,"RT @AP: Buying your own health insurance? Starting this fall, you'll want to check out the exchange: http://t.co/ObJV7HCn -RD","Mon, 28 Jan 2013 11:21:44 +0000",gowaynego,8295702,0,295854165589098496,
,"RT @AP: Buying your own health insurance? Starting this fall, you'll want to check out the exchange: http://t.co/ObJV7HCn -RD","Mon, 28 Jan 2013 11:06:04 +0000",KARENTIGHEIZZO,140172773,0,295850225283764225,
,"RT @AP: Buying your own health insurance? Starting this fall, you'll want to check out the exchange: http://t.co/ObJV7HCn -RD","Mon, 28 Jan 2013 10:57:38 +0000",CookieKowalczek,1018150472,0,295848102361960448,
,"RT @AP: Buying your own health insurance? Starting this fall, you'll want to check out the exchange: http://t.co/ObJV7HCn -RD","Mon, 28 Jan 2013 10:49:42 +0000",charlieaverill,15205951,0,295846104736600064,
,"RT @AP: Buying your own health insurance? Starting this fall, you'll want to check out the exchange: http://t.co/ObJV7HCn -RD","Mon, 28 Jan 2013 10:16:35 +0000",MPLSMADDADS,239619210,0,295837768561590272,
,"RT @AP: Buying your own health insurance? Starting this fall, you'll want to check out the exchange: http://t.co/ObJV7HCn -RD","Mon, 28 Jan 2013 10:06:53 +0000",DougToner,131268307,0,295835328500076545,
,"RT @AP: Buying your own health insurance? Starting this fall, you'll want to check out the exchange: http://t.co/ObJV7HCn -RD","Mon, 28 Jan 2013 09:52:37 +0000",spartimed,161400780,0,295831739270569986,
,"RT @AP: Buying your own health insurance? Starting this fall, you'll want to check out the exchange: http://t.co/ObJV7HCn -RD","Mon, 28 Jan 2013 09:43:12 +0000",Morufkeji,255154957,0,295829371166535680,
director::corporate,"Regional Operations #director &amp;ndash; Hospice: #corporate Home Care, Franklin, TN. http://t.co/jQdgrHfz","Mon, 28 Jan 2013 09:38:57 +0000",mbajobs_health,443877093,0,295828300432023552,
director::corporate::MBA::jobs::Healthcare,"Regional Operations #director: #corporate Home Care, Franklin, TN. http://t.co/68yTcwKf #MBA #jobs #Healthcare","Mon, 28 Jan 2013 09:31:16 +0000",mbajobs_health,443877093,0,295826364865593344,
,"RT @AP: Buying your own health insurance? Starting this fall, you'll want to check out the exchange: http://t.co/ObJV7HCn -RD","Mon, 28 Jan 2013 09:29:28 +0000",darhut,863699912,0,295825914615443456,
,"""@AP: Buying your own health insurance? Starting this fall, you'll want to check out the exchange: http://t.co/nPtoq6S2 -RD""","Mon, 28 Jan 2013 09:18:05 +0000",kriseno,16795757,0,295823047682822144,
,"RT @AP: Buying your own health insurance? Starting this fall, you'll want to check out the exchange: http://t.co/ObJV7HCn -RD","Mon, 28 Jan 2013 09:17:17 +0000",RomanticVision,259581837,0,295822848449208320,
,"RT @AP: Buying your own health insurance? Starting this fall, you'll want to check out the exchange: http://t.co/ObJV7HCn -RD","Mon, 28 Jan 2013 09:01:39 +0000",pjRN,19098724,0,295818911822249984,
,"Buying your own health insurance? Starting this fall, you'll want to check out the exchange: http://t.co/lZXVhcLG -RD","Mon, 28 Jan 2013 08:53:13 +0000",candyq51,1107564342,0,295816789248577537,
,"RT @AP: Buying your own health insurance? Starting this fall, you'll want to check out the exchange: http://t.co/ObJV7HCn -RD","Mon, 28 Jan 2013 08:30:44 +0000",ovrex,84928687,0,295811132705357824,
,"RT @AP: Buying your own health insurance? Starting this fall, you'll want to check out the exchange: http://t.co/ObJV7HCn -RD","Mon, 28 Jan 2013 08:24:58 +0000",KaitNelson,21058387,0,295809681228697602,
,"RT @AP: Buying your own health insurance? Starting this fall, you'll want to check out the exchange: http://t.co/ObJV7HCn -RD","Mon, 28 Jan 2013 08:23:41 +0000",scfMITO,256949516,0,295809356774121472,
,"RT @AP: Buying your own health insurance? Starting this fall, you'll want to check out the exchange: http://t.co/ObJV7HCn -RD","Mon, 28 Jan 2013 08:22:49 +0000",Lauravol3,454942700,0,295809141312716800,
,"RT @AP: Buying your own health insurance? Starting this fall, you'll want to check out the exchange: http://t.co/ObJV7HCn -RD","Mon, 28 Jan 2013 08:17:46 +0000",Blkdraft,19202515,0,295807867875885056,
,"RT @AP: Buying your own health insurance? Starting this fall, you'll want to check out the exchange: http://t.co/ObJV7HCn -RD","Mon, 28 Jan 2013 08:09:53 +0000",Peacefulplanet,18473709,0,295805884842508288,
,"RT @AP: Buying your own health insurance? Starting this fall, you'll want to check out the exchange: http://t.co/ObJV7HCn -RD","Mon, 28 Jan 2013 07:58:03 +0000",OnYourTurntable,162734561,0,295802908342091778,
,"RT @AP: Buying your own health insurance? Starting this fall, you'll want to check out the exchange: http://t.co/ObJV7HCn -RD","Mon, 28 Jan 2013 07:54:44 +0000",wbtphdjd,5412832,0,295802074359287808,
,"RT @AP: Buying your own health insurance? Starting this fall, you'll want to check out the exchange: http://t.co/ObJV7HCn -RD","Mon, 28 Jan 2013 07:48:16 +0000",jam_rockah,151284178,0,295800446516330497,
,"RT @AP: Buying your own health insurance? Starting this fall, you'll want to check out the exchange: http://t.co/ObJV7HCn -RD","Mon, 28 Jan 2013 07:47:03 +0000",Safo105,26081312,0,295800138813820928,
,"RT @AP: Buying your own health insurance? Starting this fall, you'll want to check out the exchange: http://t.co/ObJV7HCn -RD","Mon, 28 Jan 2013 07:44:22 +0000",RasAlDub,112845262,0,295799465820971008,
,"RT @AP: Buying your own health insurance? Starting this fall, you'll want to check out the exchange: http://t.co/ObJV7HCn -RD","Mon, 28 Jan 2013 07:42:58 +0000",LindaChown2013,14777235,0,295799109758107649,
,"RT @AP: Buying your own health insurance? Starting this fall, you'll want to check out the exchange: http://t.co/ObJV7HCn -RD","Mon, 28 Jan 2013 07:42:47 +0000",joanekav,866963160,0,295799066380607488,
,"RT @AP: Buying your own health insurance? Starting this fall, you'll want to check out the exchange: http://t.co/ObJV7HCn -RD","Mon, 28 Jan 2013 07:42:39 +0000",HAFAinc,926815555,0,295799030489964544,
,"RT @AP: Buying your own health insurance? Starting this fall, you'll want to check out the exchange: http://t.co/ObJV7HCn -RD","Mon, 28 Jan 2013 07:38:13 +0000",AuntInAZ,65803294,0,295797915874652160,
,"RT @AP: Buying your own health insurance? Starting this fall, you'll want to check out the exchange: http://t.co/ObJV7HCn -RD","Mon, 28 Jan 2013 07:35:41 +0000",bulldawgnews,1123847586,0,295797276595597312,
,"RT @AP: Buying your own health insurance? Starting this fall, you'll want to check out the exchange: http://t.co/ObJV7HCn -RD","Mon, 28 Jan 2013 07:32:34 +0000",flipboardnews1,362197387,0,295796492977991680,
,"RT @AP: Buying your own health insurance? Starting this fall, you'll want to check out the exchange: http://t.co/ObJV7HCn -RD","Mon, 28 Jan 2013 07:32:34 +0000",flipboardbiz,424027679,0,295796492852137984,
,"RT @AP: Buying your own health insurance? Starting this fall, you'll want to check out the exchange: http://t.co/ObJV7HCn -RD","Mon, 28 Jan 2013 07:29:59 +0000",forbicihair,81920709,0,295795845633298432,
,"RT @AP: Buying your own health insurance? Starting this fall, you'll want to check out the exchange: http://t.co/ObJV7HCn -RD","Mon, 28 Jan 2013 07:26:12 +0000",reubenesp,170315949,0,295794891873718272,
,"RT @AP: Buying your own health insurance? Starting this fall, you'll want to check out the exchange: http://t.co/ObJV7HCn -RD","Mon, 28 Jan 2013 07:24:04 +0000",Madcutie,63579325,0,295794354444984321,
,"RT @AP: Buying your own health insurance? Starting this fall, you'll want to check out the exchange: http://t.co/ObJV7HCn -RD","Mon, 28 Jan 2013 07:23:36 +0000",missphenom,10386152,0,295794237428101120,
,"RT @AP: Buying your own health insurance? Starting this fall, you'll want to check out the exchange: http://t.co/ObJV7HCn -RD","Mon, 28 Jan 2013 07:22:51 +0000",Jenicka,29115927,0,295794047413518336,
,"RT @AP: Buying your own health insurance? Starting this fall, you'll want to check out the exchange: http://t.co/ObJV7HCn -RD","Mon, 28 Jan 2013 07:20:02 +0000",MonicaTagore,25566683,0,295793338878136320,
,"RT @AP: Buying your own health insurance? Starting this fall, you'll want to check out the exchange: http://t.co/ObJV7HCn -RD","Mon, 28 Jan 2013 07:19:29 +0000",johnathanyau,71884527,0,295793201405648896,
tcot,"""@AP: Buying your own health insurance? Starting this fall, you'll want to check out the exchange: http://t.co/vOUAoCzC"" #tcot","Mon, 28 Jan 2013 07:15:42 +0000",NytFury,51757794,0,295792249692889088,
,"RT @AP: Buying your own health insurance? Starting this fall, you'll want to check out the exchange: http://t.co/ObJV7HCn -RD","Mon, 28 Jan 2013 07:15:10 +0000",onlyrealpatriot,448237360,0,295792114036510720,
,"RT @AP: Buying your own health insurance? Starting this fall, you'll want to check out the exchange: http://t.co/ObJV7HCn -RD","Mon, 28 Jan 2013 07:13:27 +0000",TiffShea5,243258571,0,295791685294764032,
,"RT @AP: Buying your own health insurance? Starting this fall, you'll want to check out the exchange: http://t.co/ObJV7HCn -RD","Mon, 28 Jan 2013 07:12:30 +0000",barbrayoder,565770246,0,295791445267345408,
,"RT @AP: Buying your own health insurance? Starting this fall, you'll want to check out the exchange: http://t.co/ObJV7HCn -RD","Mon, 28 Jan 2013 07:12:29 +0000",myBYH,380586292,0,295791440359997440,
,"""@AP: Buying your own health insurance? Starting this fall, you'll want to check out the exchange: http://t.co/UQdknkHY -RD""","Mon, 28 Jan 2013 07:11:50 +0000",moisegarcon,15043304,0,295791278057222144,
,"RT @AP: Buying your own health insurance? Starting this fall, you'll want to check out the exchange: http://t.co/ObJV7HCn -RD","Mon, 28 Jan 2013 07:11:39 +0000",MarlaMayes,415210048,0,295791231462682624,
,"RT @AP: Buying your own health insurance? Starting this fall, you'll want to check out the exchange: http://t.co/ObJV7HCn -RD","Mon, 28 Jan 2013 07:09:34 +0000",stephwouldgo,607832967,0,295790704339337216,
,"RT @AP: Buying your own health insurance? Starting this fall, you'll want to check out the exchange: http://t.co/ObJV7HCn -RD","Mon, 28 Jan 2013 07:08:44 +0000",anitsutsa2,1013221435,0,295790496352202752,
,"RT @AP: Buying your own health insurance? Starting this fall, you'll want to check out the exchange: http://t.co/ObJV7HCn -RD","Mon, 28 Jan 2013 07:07:33 +0000",DanFletcher71,31413214,0,295790197189267456,
,"RT @PoliticalJones: RT @AP: Buying your own health insurance? Starting this fall, you'll want to check out the exchange: http://t.co/OdZGI6Vf","Mon, 28 Jan 2013 07:07:29 +0000",BlackElleWoods,72688314,0,295790183733944321,
,"RT @AP: Buying your own health insurance? Starting this fall, you'll want to check out the exchange: http://t.co/ObJV7HCn -RD","Mon, 28 Jan 2013 07:06:40 +0000",azambelich,309399287,0,295789978225623040,
,"“@AP: Buying your own health insurance? Starting this fall, you'll want to check out the exchange: http://t.co/x9xJdpq0 -RD”","Mon, 28 Jan 2013 07:06:18 +0000",FlanahNews,449490573,0,295789882603872256,
,"RT @AP: Buying your own health insurance? Starting this fall, you'll want to check out the exchange: http://t.co/ObJV7HCn -RD","Mon, 28 Jan 2013 07:06:12 +0000",catclo,22410631,0,295789856821485568,
,"RT @AP: Buying your own health insurance? Starting this fall, you'll want to check out the exchange: http://t.co/ObJV7HCn -RD","Mon, 28 Jan 2013 07:06:06 +0000",a1TinaABrown,39755988,0,295789834197405696,
,"RT @AP: Buying your own health insurance? Starting this fall, you'll want to check out the exchange: http://t.co/OdZGI6Vf","Mon, 28 Jan 2013 07:06:05 +0000",PoliticalJones,57842498,0,295789830523219968,
,"RT @AP: Buying your own health insurance? Starting this fall, you'll want to check out the exchange: http://t.co/ObJV7HCn -RD","Mon, 28 Jan 2013 07:05:51 +0000",antgutierrez,50469728,0,295789771010224128,
,"RT @NidaKhanNY RT @AP: Buying your own health insurance? Starting this fall, you'll want to check out the exchange: http://t.co/OdZGI6Vf","Mon, 28 Jan 2013 07:05:29 +0000",PoliticalJones,57842498,0,295789679167549440,
,"RT @AP: Buying your own health insurance? Starting this fall, you'll want to check out the exchange: http://t.co/ObJV7HCn -RD","Mon, 28 Jan 2013 07:04:24 +0000",Syngeneer,860518664,0,295789406474870784,
,"RT @AP: Buying your own health insurance? Starting this fall, you'll want to check out the exchange: http://t.co/ObJV7HCn -RD","Mon, 28 Jan 2013 07:04:20 +0000",cabtogo,80525871,0,295789388359675904,
,"RT @AP: Buying your own health insurance? Starting this fall, you'll want to check out the exchange: http://t.co/ObJV7HCn -RD","Mon, 28 Jan 2013 07:02:17 +0000",mykatmikey,345741212,0,295788872657403904,
,"RT: “@AP: Buying your own health insurance? Starting this fall, you'll want to check out the exchange: http://t.co/3RgXfoN7 -RD”","Mon, 28 Jan 2013 07:02:08 +0000",IdaTarbellFan,41690175,0,295788834870927361,
,"""@AP: Buying health insurance? Starting this fall, you'll want to check out the exchange: http://t.co/PRpEhT7F -RD"" // what exchange...?","Mon, 28 Jan 2013 07:01:12 +0000",Mr_Cain_Thaler,39477727,0,295788601361432578,
,"RT @AP: Buying your own health insurance? Starting this fall, you'll want to check out the exchange: http://t.co/ObJV7HCn -RD","Mon, 28 Jan 2013 07:01:02 +0000",NidaKhanNY,75944553,0,295788559238057984,
,"RT @AP: Buying your own health insurance? Starting this fall, you'll want to check out the exchange: http://t.co/ObJV7HCn -RD","Mon, 28 Jan 2013 07:01:00 +0000",JPAT_NWG,172434717,0,295788548660006913,
,"RT @AP: Buying your own health insurance? Starting this fall, you'll want to check out the exchange: http://t.co/ObJV7HCn -RD","Mon, 28 Jan 2013 07:00:33 +0000",TJHamrick,132739909,0,295788436172984320,
,"Buying your own health insurance? Starting this fall, you'll want to check out the exchange: http://t.co/ObJV7HCn -RD","Mon, 28 Jan 2013 07:00:06 +0000",AP,51241574,0,295788325606916096,
,Health Care Thoughts: PPACA Health Exchange Oops http://t.co/Fa7lVmDA,"Mon, 28 Jan 2013 06:24:16 +0000",SDReconomics,243996611,0,295779307412938752,
trading::forex,Health Care Thoughts: PPACA Health Exchange Oops http://t.co/DBojitCt #trading #forex,"Mon, 28 Jan 2013 03:17:22 +0000",FXTraderUpdates,348292587,0,295732272664031233,
econ::mises::keynes,Health Care Thoughts: PPACA Health Exchange Oops http://t.co/CxIfwivx #econ #mises #keynes,"Mon, 28 Jan 2013 03:11:17 +0000",DigestEcon,516487830,0,295730739121623040,
health,Health Care Thoughts: PPACA Health Exchange Oops #health http://t.co/kTMlEXDN,"Mon, 28 Jan 2013 03:11:00 +0000",LiveHealthNews,105311001,0,295730668644728832,
,"Health Care Thoughts: PPACA Health Exchange Oops: by Tom aka Rusty Rustbelt
Health Care Thoughts: PPACA Health E... http://t.co/Ku3p2k34","Mon, 28 Jan 2013 03:09:59 +0000",angrybearecon,18653226,0,295730413438115841,
,"Health Care Thoughts: PPACA Health Exchange Oops: by Tom aka Rusty Rustbelt
Health Care Thoughts: PPACA Health E... http://t.co/cgWu3leo","Mon, 28 Jan 2013 03:09:59 +0000",bestfinblog,137717108,0,295730411533905920,
,Health Care Thoughts: PPACA Health Exchange Oops http://t.co/dafQ75tV,"Mon, 28 Jan 2013 03:09:58 +0000",ConduitJournal,157522636,0,295730410334334977,
,"Health Care Thoughts: PPACA Health Exchange Oops: by Tom aka Rusty Rustbelt
Health Care Thoughts: PPACA Health E... http://t.co/gNrBt6XJ","Mon, 28 Jan 2013 03:09:58 +0000",FinancialBlogs,78568607,0,295730409772298240,
,Exchange Picture: Only 18 states and the District of Columbia plan to set up their own health care exchange http://t.co/MDpm1iw0,"Mon, 28 Jan 2013 01:14:20 +0000",SaxonFinancial,518767809,0,295701309221400576,
,MPR: Glossary: New lingo for consumers in health overhaul: President Barack Obama's health care overhaul law has... http://t.co/XBlVugAr,"Sun, 27 Jan 2013 22:31:59 +0000",MPPQuickHits,221500321,0,295660451554017280,
,"RT @PDColford_AP: Rollout of ""Obamacare"": RT @AP_Politics: Buying your own health insurance? You'll want to check out the exchange: http://t.co/c11XzoVS","Sun, 27 Jan 2013 22:20:38 +0000",jtatsuno,26284165,0,295657594767425537,
,"RT @PDColford_AP: Rollout of ""Obamacare"": RT @AP_Politics: Buying your own health insurance? You'll want to check out the exchange: http://t.co/c11XzoVS","Sun, 27 Jan 2013 22:15:39 +0000",yurikageyama,45289289,0,295656342696361984,
newhealthcarelaw,Glossary: New lingo for consumers in health overhaul: President Barack Obama's health care ove... http://t.co/A8azGTmN #newhealthcarelaw,"Sun, 27 Jan 2013 21:59:28 +0000",NewHealthLaw,387460237,0,295652267791613953,
,RT @kare11: Big changes are coming in how some Minnesotans get health insurance as the state rushes to build a health care exchange.http://t.co/E12eHKqB,"Sun, 27 Jan 2013 21:41:54 +0000",GretaABergstrom,48365316,0,295647847003586560,
,RT @kare11: Big changes are coming in how some Minnesotans get health insurance as the state rushes to build a health care exchange.http://t.co/E12eHKqB,"Sun, 27 Jan 2013 21:23:01 +0000",CarlitozMoreno,74037039,0,295643097411510272,
,"""@kare11: Big changes coming in how Minnesotans get health insurance as the state rushes to build health care exchange http://t.co/vNiOJEJg""","Sun, 27 Jan 2013 21:20:34 +0000",bluecollardaugh,73086937,0,295642478965567489,
,Big changes are coming in how some Minnesotans get health insurance as the state rushes to build a health care exchange.http://t.co/E12eHKqB,"Sun, 27 Jan 2013 21:18:30 +0000",kare11,13001192,0,295641960377634816,
,"Coming to a Nobamacare exchange near you! If your health care is to costly, ""let them die"" http://t.co/dXJOggcI","Sun, 27 Jan 2013 20:14:33 +0000",glidermedic,947341783,0,295625867357474817,
,Health insurance exchange reporting delayed: Federal regulators have delayed indefinitely a health care reform l... http://t.co/exCu8rIs,"Sun, 27 Jan 2013 16:54:06 +0000",PatientSafety01,45053373,0,295575422886891521,
,RT @MoyersStaff: New poll looks at Obamacare. 55%  wnt health care exchange. 52% a state Medicaid expansion. http://t.co/wBTM47Ts,"Sun, 27 Jan 2013 15:34:18 +0000",55Bentley,132635255,0,295555340085366784,
,"RT @danamo: RT @ap_politics: Buying your own health insurance? Starting this fall, you'll want to check out the exchange: http://t.co/vLL1ZfXB","Sun, 27 Jan 2013 15:23:55 +0000",CatSally,33698860,0,295552726128017409,
,"Rollout of ""Obamacare"": RT @AP_Politics: Buying your own health insurance? You'll want to check out the exchange: http://t.co/c11XzoVS","Sun, 27 Jan 2013 14:33:48 +0000",PDColford_AP,17631532,0,295540114254360576,
,"RT @AP_Politics: Buying your own health insurance? Starting this fall, you'll want to check out the exchange: http://t.co/rGapYSMB","Sun, 27 Jan 2013 14:23:58 +0000",LanceLunsford,533540523,0,295537636498616321,
,"RT @AP_Politics: Buying your own health insurance? Starting this fall, you'll want to check out the exchange: http://t.co/rGapYSMB","Sun, 27 Jan 2013 14:17:15 +0000",CHSSnyder,366093774,0,295535947469176832,
,"RT @AP_Politics: Buying your own health insurance? Starting this fall, you'll want to check out the exchange: http://t.co/rGapYSMB","Sun, 27 Jan 2013 14:02:09 +0000",hnfaulk,70142946,0,295532149170401280,
,"RT @ap_politics: Buying your own health insurance? Starting this fall, you'll want to check out the exchange: http://t.co/456rG45G""","Sun, 27 Jan 2013 14:00:24 +0000",HarrisVC,318574680,0,295531706042171392,
,"RT @danamo: RT @ap_politics: Buying your own health insurance? Starting this fall, you'll want to check out the exchange: http://t.co/vLL1ZfXB","Sun, 27 Jan 2013 13:48:14 +0000",KimberlyWriter,16373299,0,295528647794769920,
,Helpful piece by @NAHJ member Alonso-Zaldivar MT@AP_Politics: Buying your own health insurance? Check out the exchange: http://t.co/Xw5VTS00,"Sun, 27 Jan 2013 13:47:31 +0000",michelesalcedo,22695254,0,295528466948952064,
,"RT @danamo: RT @ap_politics: Buying your own health insurance? Starting this fall, you'll want to check out the exchange: http://t.co/vLL1ZfXB","Sun, 27 Jan 2013 13:45:21 +0000",Pamskid,16959406,0,295527922356330497,
,"RT @ap_politics: Buying your own health insurance? Starting this fall, you'll want to check out the exchange: http://t.co/vLL1ZfXB","Sun, 27 Jan 2013 13:26:30 +0000",danamo,15906933,0,295523178258784257,
,"Buying your own health insurance? Starting this fall, you'll want to check out the exchange: http://t.co/rGapYSMB","Sun, 27 Jan 2013 13:23:47 +0000",AP_Politics,426802833,0,295522494662705152,
director::MBA::jobs::Healthcare,"Executive #director - Ashgrove Woods: Christian Care Communities, Lexington, KY. http://t.co/3qtsNwAk #MBA #jobs #Healthcare","Sun, 27 Jan 2013 09:35:58 +0000",mbajobs_health,443877093,0,295465162943635456,
,Bill would ban abortion coverage through health ... - Arkansas News: LITTLE ROCK — Insurers would be prohibited ... http://t.co/LLbopuKT,"Sun, 27 Jan 2013 05:24:24 +0000",Karinadaily,245907264,0,295401851136921600,
,RT @MoyersStaff: New poll looks at Obamacare. 55% of Americans want a health care exchange. 52% want a state Medicaid expansion. http://t.co/AhRYweOm,"Sat, 26 Jan 2013 23:49:46 +0000",MindtwisterDean,873087224,0,295317638849105922,
,RT @MoyersStaff: New poll looks at Obamacare. 55% of Americans want a health care exchange. 52% want a state Medicaid expansion. http://t.co/AhRYweOm,"Sat, 26 Jan 2013 16:22:21 +0000",mairee77,129699097,0,295205044473720832,
,RT @MoyersStaff: New poll looks at Obamacare. 55% of Americans want a health care exchange. 52% want a state Medicaid expansion. http://t.co/AhRYweOm,"Sat, 26 Jan 2013 16:19:33 +0000",Hendems,147082819,0,295204338098384896,
health::obamacare::exchange::aca,FOCUS: New #health care markets on the way #obamacare #exchange #aca http://t.co/iZKK3l9S,"Sat, 26 Jan 2013 16:04:07 +0000",HNNow,19777553,0,295200452147023872,
,New poll looks at Obamacare. 55% of Americans want a health care exchange. 52% want a state Medicaid expansion. http://t.co/EYVvMKPa,"Sat, 26 Jan 2013 15:05:16 +0000",LightTweeting,249466118,0,295185645280841728,
,New poll looks at Obamacare. 55% of Americans want a health care exchange. 52% want a state Medicaid expansion. http://t.co/AhRYweOm,"Sat, 26 Jan 2013 15:05:16 +0000",MoyersStaff,437561031,0,295185644790099969,
healthcare::MBA::jobs::Healthcare,"Director of Nursing Care: Cambridge #healthcare, Virginia. http://t.co/7dB3UTuu #MBA #jobs #Healthcare","Sat, 26 Jan 2013 13:32:04 +0000",mbajobs_health,443877093,0,295162190699315200,
director::news::news::MBA::jobs::Healthcare,"Executive #director-Morningside of Newport #news: Five Star Quality Care Inc., Newport #news... http://t.co/ZBTJOP2x #MBA #jobs #Healthcare","Sat, 26 Jan 2013 12:36:03 +0000",mbajobs_health,443877093,0,295148091185713153,
manageR::philips,"CUSTOMER CARE OPERATIONS #manageR 034082: #philips, Turkey. http://t.co/3qO4JKPj","Sat, 26 Jan 2013 08:32:18 +0000",mbajobs_health,443877093,0,295086750181761024,
,RT @OR_QualityCare: New survey finds health insurance exchange a top priority for 55% of Americans. http://t.co/VDbXHVKR @CoverOregon leading the way in Oregon!,"Fri, 25 Jan 2013 22:33:41 +0000",AligningForces,50379483,0,294936102505164800,
,RT @OR_QualityCare: New survey finds health insurance exchange a top priority for 55% of Americans. http://t.co/VDbXHVKR @CoverOregon leading the way in Oregon!,"Fri, 25 Jan 2013 22:24:25 +0000",CoverOregon,726694062,0,294933772741259264,
,New survey finds health insurance exchange a top priority for 55% of Americans. http://t.co/VDbXHVKR @CoverOregon leading the way in Oregon!,"Fri, 25 Jan 2013 22:22:55 +0000",OR_QualityCare,191892581,0,294933395388116992,
,Straight talk on health care reform: CO Health Care Exchange on track | The Bell Policy Center http://t.co/maKGh2dv,"Fri, 25 Jan 2013 21:10:08 +0000",SLVHealth,285237802,0,294915078040453121,
hcr::coleg,RT @BellPolicy: CO's Health Benefit Exchange on track for launch in October. Pilot program this summer. Good work. ... #hcr #coleg http://t.co/Rg8OQr85,"Fri, 25 Jan 2013 19:51:35 +0000",cpartin1,277082990,0,294895311850180608,
hcr::coleg,CO's Health Benefit Exchange on track for launch in October. Pilot program this summer. Good work. ... #hcr #coleg http://t.co/Rg8OQr85,"Fri, 25 Jan 2013 19:38:31 +0000",BellPolicy,281129299,0,294892022496636928,
bronx,Health insurance exchange reporting delayed: Federal regulators have delayed indefinitely a health care r... http://t.co/vtlINuUQ #bronx,"Fri, 25 Jan 2013 19:26:22 +0000",Bronx_NY_News,579158858,0,294888963930468352,
program::director::health,"Service Line #program #director - St. Elizabeth Hospital (Appleton, WI): Ministry #health Care, Appleton, WI. http://t.co/4Ww0wCLZ","Fri, 25 Jan 2013 19:05:39 +0000",mbajobs_health,443877093,0,294883748997128193,
aca::PPACA::HR::SRM,Health care reform: employer exchange notice requirement delayed http://t.co/Z1TU3GW8 #aca #PPACA #HR #SRM,"Fri, 25 Jan 2013 19:04:15 +0000",markhudson,17447799,0,294883400081358848,
,Health insurance exchange reporting delayed: Federal regulators have delayed indefinitely a health care reform law... http://t.co/Txiy2mle,"Fri, 25 Jan 2013 19:02:07 +0000",NewYorkCP,53932318,0,294882860664508416,
director,"Home Care #director - RN Required: Patient Care, West Orange, NJ. http://t.co/gxNaq4lx","Fri, 25 Jan 2013 18:33:54 +0000",mbajobs_health,443877093,0,294875759766536192,
,"State Health Exchange Will Drive Budget Increases.

On Thursday, they heard about expected cost increases that... http://t.co/r0pPFrHl","Fri, 25 Jan 2013 17:57:35 +0000",CARE_NEVADA,819938748,0,294866620952756224,
,House bill looks to assure insurance brokers have a role in health care exchange options: A member of the Idaho... http://t.co/yb4t8bHt,"Fri, 25 Jan 2013 17:12:09 +0000",boisedailynews,550807689,0,294855189452705792,
,"FAQ Friday!
Health Care Reform coming 1/1/2014  
What is the insurance exchange?
The health insurance exchange is... http://t.co/DAJBaRMU","Fri, 25 Jan 2013 17:02:17 +0000",TheWic,19692933,0,294852704432435200,
,"RT @kschorsch: Cook County Hospital CEO wants system to sell insurance on state exchange, focus more on primary care. http://t.co/grPoQxwZ","Fri, 25 Jan 2013 16:47:23 +0000",JoelPeytonHLI,873569804,0,294848953973882880,
director,"FMS #director Operations: Fresenius Medical Care, Norfolk, VA. http://t.co/HF2EIQ8m","Fri, 25 Jan 2013 16:32:13 +0000",mbajobs_health,443877093,0,294845138423930880,
PPACA,RT @weknownext: Health Care Reform: Health Care Exchanges: What is the “exchange notice” requirement under #PPACA?  http://t.co/7TxING4Z,"Fri, 25 Jan 2013 16:14:10 +0000",RobynPuamale,770885622,0,294840596403740672,
director::management,"Associate Medical #director, Case #management/Managed Care, Physician MD: MedStar Physician Partners, Baltimore, MD. http://t.co/9gcXOwa1","Fri, 25 Jan 2013 16:04:00 +0000",mbajobs_health,443877093,0,294838038394179585,
,"Cook County Hospital CEO wants system to sell insurance on state exchange, focus more on primary care. http://t.co/grPoQxwZ","Fri, 25 Jan 2013 15:49:30 +0000",kschorsch,57551989,0,294834386585649153,
,Only 18 states and the District of Columbia announced that they plan to set up their own health care exchange under the health reform law b…,"Fri, 25 Jan 2013 15:05:29 +0000",twojcik7,234876582,0,294823312771661826,
OBAMACARE,"RT @JsrRoger: SC “should not and will not set up a state-based health care exchange,” Gov. Nikki Haley announced Nov. 2012 http://t.co/Q8i1jk1V #OBAMACARE","Fri, 25 Jan 2013 14:52:01 +0000",CANARYorg,127693283,0,294819919982383104,
HCSMCA::SMHC2013,"Now listening to a great talk about #HCSMCA and how it can help health care organizations... Discussion, idea exchange, etc #SMHC2013","Fri, 25 Jan 2013 14:16:04 +0000",MackenzieHealth,238187624,0,294810874013683712,
,An update on the process of Colorado's Health Care Exchange... http://t.co/qyaeFogY,"Fri, 25 Jan 2013 14:13:19 +0000",COInsurancePros,131657355,0,294810183610290176,
OBAMACARE,"RT @JsrRoger: SC “should not and will not set up a state-based health care exchange,” Gov. Nikki Haley announced Nov. 2012 http://t.co/Q8i1jk1V #OBAMACARE","Fri, 25 Jan 2013 13:32:52 +0000",shewatches,74953781,0,294800004873342976,
OBAMACARE,"SC “should not and will not set up a state-based health care exchange,” Gov. Nikki Haley announced Nov. 2012 http://t.co/Q8i1jk1V #OBAMACARE","Fri, 25 Jan 2013 13:32:09 +0000",JsrRoger,293745809,0,294799821817122816,
,RT @innovate_lville: Why are Tea Partiers against the health care exchange when it's grounded in free market ideas... Idiots,"Fri, 25 Jan 2013 13:28:17 +0000",Paulj567,34306288,0,294798850751885312,
,Why are Tea Partiers against the health care exchange when it's grounded in free market ideas... Idiots,"Fri, 25 Jan 2013 13:08:13 +0000",innovate_lville,279122885,0,294793800533028865,
,"Insurance Health Care Exchange Legislation Clears First Committee

http://t.co/jYuFKuTc","Fri, 25 Jan 2013 10:58:37 +0000",hcentive,59303345,0,294761186606604290,
financial::business::health,"Senior #financial #business Analyst: L.A. Care #health Plan, Los Angeles, CA. http://t.co/WZBGJEWQ","Fri, 25 Jan 2013 10:37:45 +0000",mbajobs_finance,443885314,0,294755933274402816,
marketing::manager::philips::MBA::jobs::Healthcare,"Field #marketing #manager, Point of Care, Ultrasound - Andover, MA 031789: #philips, USA. http://t.co/9yeVItGZ #MBA #jobs #Healthcare","Fri, 25 Jan 2013 10:30:55 +0000",mbajobs_health,443877093,0,294754213739778048,
Healthcare::PPACA::exchange,#Healthcare Reform - Adjusted Gross Income VS Modified AGI | #PPACA #exchange  http://t.co/hBJGX5q3,"Fri, 25 Jan 2013 05:19:45 +0000",JKatzaman,513780352,0,294675907086540800,
,New... http://t.co/BPEp422B,"Fri, 25 Jan 2013 05:09:22 +0000",Forexcentury21,192708331,0,294673292357427200,
,"Scotland Healthcare: Challenges ahead [The Laurinburg Exchange, NC]: Overall, the health care system contributed... http://t.co/SC4vARZT","Fri, 25 Jan 2013 04:17:53 +0000",MarieWilson19,100438666,0,294660337213530112,
,"RT @rightsagenda: State's failure to provide prisoner needle exchange programs breaches duty of care, human rights obligations and is a community health risk","Fri, 25 Jan 2013 03:45:48 +0000",PhilALynch,764684670,0,294652264059117569,
,Arizona Moving Forward on State-based Health Care Exchange Prohibition  Tenth Amendment Center Blog http://t.co/7vPY4htd via @tenthamendment,"Fri, 25 Jan 2013 01:55:27 +0000",RidinintheUSA,171597677,0,294624491332567041,
,"RT @rightsagenda: State's failure to provide prisoner needle exchange programs breaches duty of care, human rights obligations and is a community health risk","Fri, 25 Jan 2013 01:02:25 +0000",AmosElizabeth,102937256,0,294611147225702400,
PPACA,"RT ‏@weknownext
Health Care Reform: Health Care Exchanges: What is the “exchange notice” requirement under #PPACA?  http://t.co/pNOVFVLL …","Fri, 25 Jan 2013 00:54:42 +0000",SHRMlegaleditor,555392321,0,294609202289205248,
,"RT @rightsagenda: State's failure to provide prisoner needle exchange programs breaches duty of care, human rights obligations and is a community health risk","Fri, 25 Jan 2013 00:48:36 +0000",NannaHannah,353570235,0,294607667920519168,
,"RT @rightsagenda: State's failure to provide prisoner needle exchange programs breaches duty of care, human rights obligations and is a community health risk","Fri, 25 Jan 2013 00:43:03 +0000",diva_ex_machina,94217437,0,294606273385742336,
,"RT @rightsagenda: State's failure to provide prisoner needle exchange programs breaches duty of care, human rights obligations and is a community health risk","Fri, 25 Jan 2013 00:40:26 +0000",gurdena,600137552,0,294605612157902848,
,"RT @rightsagenda: State's failure to provide prisoner needle exchange programs breaches duty of care, human rights obligations and is a community health risk","Fri, 25 Jan 2013 00:40:05 +0000",TammieSmiith,78262903,0,294605524777979904,
,"RT @rightsagenda: State's failure to provide prisoner needle exchange programs breaches duty of care, human rights obligations and is a community health risk","Fri, 25 Jan 2013 00:39:40 +0000",cristyclark,15899765,0,294605420062969856,
,"RT @rightsagenda: State's failure to provide prisoner needle exchange programs breaches duty of care, human rights obligations and is a community health risk","Fri, 25 Jan 2013 00:39:21 +0000",rjward2009,59857479,0,294605342912946176,
,"State's failure to provide prisoner needle exchange programs breaches duty of care, human rights obligations and is a community health risk","Fri, 25 Jan 2013 00:39:05 +0000",rightsagenda,163274390,0,294605272553488385,
,RT @WDRBNews: Tea Party members have a plan to stop Kentucky's new health care exchange before it goes into effect. http://t.co/VgCwETWs,"Thu, 24 Jan 2013 23:55:02 +0000",Isays1971,196656015,0,294594189390393344,
,Tea Party members have a plan to stop Kentucky's new health care exchange before it goes into effect. http://t.co/VgCwETWs,"Thu, 24 Jan 2013 23:53:28 +0000",WDRBNews,43930301,0,294593795289403393,
care,"Senior Program Specialist - Outreach job in Olympia, WA at Washington Health Benefit Exchange http://t.co/hvgO0kML #care","Thu, 24 Jan 2013 22:38:40 +0000",JobHitsUS,90986684,0,294574971865415681,
,RT @femelmed: The Rise of Health Care Gamification http://t.co/ZtwWFV3t &lt;Interesting exchange on whether badges work--and how--in employee wellness.,"Thu, 24 Jan 2013 21:14:33 +0000",RajivKumarMD,18125425,0,294553800268709888,
,The Rise of Health Care Gamification http://t.co/ZtwWFV3t &lt;Interesting exchange on whether badges work--and how--in employee wellness.,"Thu, 24 Jan 2013 20:57:29 +0000",femelmed,15149425,0,294549506291290112,
,RT @FOX2News: Corbett: Pa. won't set up own health care exchange: Pennsylvania Gov. Tom Corbett says his state won't set up it... http://t.co/wbdIwhL3,"Thu, 24 Jan 2013 20:31:29 +0000",lippencotte,19877473,0,294542962988302336,
,RT @CFMTAN: More on Miss. health care fight: State AG says state can participate in Obamacare expansion despite Gov.'s opposition: http://t.co/9AThtyLn,"Thu, 24 Jan 2013 20:12:20 +0000",amylotven,25326689,0,294538143598800897,
vtbudget,"RT @GovPeterShumlin: We are releasing a plan detailing the implementation of the health care exchange, requiring no additional revenue in FY14.  #vtbudget","Thu, 24 Jan 2013 19:29:19 +0000",VTHCFreedom,517029077,0,294527317655560192,
vtbudget,"RT @GovPeterShumlin: We are releasing a plan detailing the implementation of the health care exchange, requiring no additional revenue in FY14.  #vtbudget","Thu, 24 Jan 2013 19:27:21 +0000",Fochik,76952859,0,294526822228586496,
vtbudget,"We are releasing a plan detailing the implementation of the health care exchange, requiring no additional revenue in FY14.  #vtbudget","Thu, 24 Jan 2013 19:26:38 +0000",GovPeterShumlin,231854033,0,294526643890946048,
PPACA,Health Care Reform: Health Care Exchanges: What is the “exchange notice” requirement under #PPACA?  http://t.co/7TxING4Z,"Thu, 24 Jan 2013 19:16:15 +0000",weknownext,146122308,0,294524031842021376,
,Fast-tracked healthcare exchange bill has some sticking points that require discussion http://t.co/0yncKZjl,"Thu, 24 Jan 2013 18:55:09 +0000",tcdailyplanet,14400829,0,294518719999250434,
exchange,"RT @nic_fisher: Jon Gruber says the state of FL shouldn't set up a health insurance #exchange, at least for now: http://t.co/9KnZ3uJn","Thu, 24 Jan 2013 17:06:22 +0000",jmgehrke,26610703,0,294491344976617472,
hcr::exchange,"Jon Gruber says the state of FL shouldn't set up a health insurance exchange, at least for now: http://t.co/4KosVqjN  #hcr #exchange","Thu, 24 Jan 2013 17:06:02 +0000",nic_fisher,183346738,0,294491261518352384,
,Michigan Business and Professional Association Urges Legislators to Free Up Funds for Health Care Exchange: WARR... http://t.co/9RahTkCd,"Thu, 24 Jan 2013 16:40:51 +0000",PeedroDionisio,587575761,0,294484924306690049,
beautytips,Beauty Tips: How... http://t.co/7GfS2I08 #beautytips,"Thu, 24 Jan 2013 16:37:07 +0000",onlinebeautytip,135781475,0,294483981280358401,
,Michigan Business and Professional Association Urges Legislators to Free Up Funds for Health Care Exchange: WARR... http://t.co/FdEXyFso,"Thu, 24 Jan 2013 16:35:58 +0000",Hannah2Trinity,990864445,0,294483693882458112,
,Michigan Business and Professional Association Urges Legislators to Free Up Funds for Health Care Exchange: WARR... http://t.co/D6eFZUiN,"Thu, 24 Jan 2013 16:35:57 +0000",StockTrading_US,411734285,0,294483687993651200,
,Michigan Business and Professional Association Urges Legislators to Free Up Funds for Health Care Exchange: WARR... http://t.co/WAp1VwXM,"Thu, 24 Jan 2013 16:35:56 +0000",katheleenoncroo,277677163,0,294483684118102016,
,Michigan Business and Professional Association Urges Legislators to Free Up Funds for Health Care Exchange: WARR... http://t.co/XH2zunF0,"Thu, 24 Jan 2013 16:35:55 +0000",theresialdfox,277706950,0,294483682931142657,
,Michigan Business and Professional Association Urges Legislators to Free Up Funds for Health Care Exchange: WARR... http://t.co/XqR0lHL6,"Thu, 24 Jan 2013 16:25:55 +0000",UsBusinessNews1,343109317,0,294481163840540672,
,RT @CFMTAN: More on Miss. health care fight: State AG says state can participate in Obamacare expansion despite Gov.'s opposition: http://t.co/9AThtyLn,"Thu, 24 Jan 2013 16:23:27 +0000",_silversmith,137718722,0,294480543058370560,
,RT @CFMTAN: More on Miss. health care fight: State AG says state can participate in Obamacare expansion despite Gov.'s opposition: http://t.co/9AThtyLn,"Thu, 24 Jan 2013 16:14:58 +0000",TakeActionNews,360157542,0,294478409143308289,
,More on Miss. health care fight: State AG says state can participate in Obamacare expansion despite Gov.'s opposition: http://t.co/9AThtyLn,"Thu, 24 Jan 2013 16:14:26 +0000",CFMTAN,247477715,0,294478275017854976,
manager::philips::MBA::jobs::Healthcare,"Customer Care Operations &amp; Vendor #manager 033744: #philips, Poland. http://t.co/4FQi2z1f #MBA #jobs #Healthcare","Thu, 24 Jan 2013 16:02:34 +0000",mbajobs_health,443877093,0,294475289289965568,
,Health Care Exchange Software Unveiled - Writers Talk at: http://t.co/CvAybucu,"Thu, 24 Jan 2013 15:35:54 +0000",Gateway_Press,470525618,0,294468578214813696,
HIE::ACOs,[PRESENTATION] #HIE is a core competency for forming new delivery models like Accountable Care Organizations #ACOs http://t.co/WDxlsUNe,"Thu, 24 Jan 2013 15:30:37 +0000",Frost_Sullivan,18246734,0,294467249618698241,
,"@youngboi45 Thanks for you message for tips to help reduce health care cost and exchange more ideas, Like us on FB at http://t.co/bOaxHrKZ","Thu, 24 Jan 2013 14:39:11 +0000",Fitnesspursuits,25380653,1114417189,294454306323697664,youngboi45
